split,scope,horizon_half_hours,horizon_hours,method,n,mae,rmse,bias,mae_skill_vs_daily_seasonal
validation,horizon,1,0.5,Persistence,8594,4.8185943681638355,6.722386609786776,-0.009192459855713288,0.8835579075234228
validation,horizon,1,0.5,DailySeasonal,8594,41.38189434489178,54.39987611041486,-0.05143123109145916,0.0
validation,horizon,1,0.5,WeeklySeasonal,8594,60.42611124040028,75.33784121427351,-1.5997207353967884,-0.4602065032786333
validation,horizon,1,0.5,Climatology,8594,61.76584914018514,72.58019026910019,44.141916294092916,-0.49258148081395325
validation,horizon,1,0.5,HistGradientBoosting,8594,3.7210843024431086,5.031019091594733,0.434853566035524,0.9100794112654622
validation,horizon,1,0.5,RandomForest,8594,3.959039631311216,5.346968431558894,0.41926140860990263,0.9043291832337317
validation,horizon,1,0.5,ValidationSelectedBaseline,8594,4.8185943681638355,6.722386609786776,-0.009192459855713288,0.8835579075234228
validation,horizon,2,1.0,Persistence,8593,8.549167927382753,11.928347115728211,-0.021296404049807982,0.793408231274343
validation,horizon,2,1.0,DailySeasonal,8593,41.38193878738508,54.40092255397524,-0.04294192947748167,0.0
validation,horizon,2,1.0,WeeklySeasonal,8593,60.41952752240196,75.32961279877186,-1.58629116722914,-0.4600458386647732
validation,horizon,2,1.0,Climatology,8593,61.76801902836624,72.57990672130468,44.142416924407605,-0.4926323134767112
validation,horizon,2,1.0,HistGradientBoosting,8593,6.178356214552538,8.158693619667687,0.8905329686951161,0.850699208505041
validation,horizon,2,1.0,RandomForest,8593,6.770524595357855,8.975279625895299,1.0032879631395457,0.8363893816057311
validation,horizon,2,1.0,ValidationSelectedBaseline,8593,8.549167927382753,11.928347115728211,-0.021296404049807982,0.793408231274343
validation,horizon,3,1.5,Persistence,8592,11.997206703910615,16.65289468241297,-0.03584729981378026,0.7100862316272634
validation,horizon,3,1.5,DailySeasonal,8592,41.38198324022346,54.40215748747806,-0.035381750465549346,0.0
validation,horizon,3,1.5,WeeklySeasonal,8592,60.41340782122905,75.32110033997499,-1.5733240223463687,-0.45989638704669344
validation,horizon,3,1.5,Climatology,8592,61.76980650730344,72.57936589909542,44.14272330440347,-0.49267390469732075
validation,horizon,3,1.5,HistGradientBoosting,8592,8.620156443451094,11.312473877115208,1.9022059258998114,0.7916930082009151
validation,horizon,3,1.5,RandomForest,8592,9.179083331401905,12.149798205542979,1.6297002836522962,0.7781864808625267
validation,horizon,3,1.5,ValidationSelectedBaseline,8592,11.997206703910615,16.65289468241297,-0.03584729981378026,0.7100862316272634
validation,horizon,4,2.0,Persistence,8591,15.150389942963567,20.88118998005434,-0.05715283436154115,0.6338865292115552
validation,horizon,4,2.0,DailySeasonal,8591,41.38167850075661,54.40346435660783,-0.02840181585380049,0.0
validation,horizon,4,2.0,WeeklySeasonal,8591,60.4068210918403,75.31344581464133,-1.5598882551507391,-0.4597479677083627
validation,horizon,4,2.0,Climatology,8591,61.77218222683635,72.57972265525568,44.14338943445868,-0.49274230685705334
validation,horizon,4,2.0,HistGradientBoosting,8591,10.644633956704935,13.902651170991357,2.5395196229661985,0.7427694007987058
validation,horizon,4,2.0,RandomForest,8591,11.302667824309948,14.904493788150827,2.3807783533584517,0.7268678257189762
validation,horizon,4,2.0,ValidationSelectedBaseline,8591,15.150389942963567,20.88118998005434,-0.05715283436154115,0.6338865292115552
validation,horizon,5,2.5,Persistence,8590,18.095459837019792,24.662060524952853,-0.08032596041909197,0.5627296203984493
validation,horizon,5,2.5,DailySeasonal,8590,41.38277066356228,54.40509032542646,-0.02142025611175786,0.0
validation,horizon,5,2.5,WeeklySeasonal,8590,60.40279394644936,75.30890672355798,-1.549010477299185,-0.45961212789539707
validation,horizon,5,2.5,Climatology,8590,61.77406024572189,72.57948168145946,44.143215207384706,-0.4927482924702824
validation,horizon,5,2.5,HistGradientBoosting,8590,12.803574054472131,16.54836647407922,3.5726013575829882,0.6906061665478156
validation,horizon,5,2.5,RandomForest,8590,13.412313897167088,17.45839199230995,3.5681793906879515,0.6758961837957194
validation,horizon,5,2.5,ValidationSelectedBaseline,8590,18.095459837019792,24.662060524952853,-0.08032596041909197,0.5627296203984493
validation,horizon,6,3.0,Persistence,8589,20.82465944813133,28.058267716298744,-0.10024449877750612,0.4967970088535908
validation,horizon,6,3.0,DailySeasonal,8589,41.38421236465246,54.40675835338131,-0.015717778553964373,0.0
validation,horizon,6,3.0,WeeklySeasonal,8589,60.39911514728141,75.30513393595808,-1.5384794504598907,-0.4594723856305687
validation,horizon,6,3.0,Climatology,8589,61.77608540118187,72.57919614840759,44.143297081317336,-0.4927452250836295
validation,horizon,6,3.0,HistGradientBoosting,8589,14.894047286136638,19.06116073797291,4.645755145920753,0.6401031592700286
validation,horizon,6,3.0,RandomForest,8589,15.584378958501311,19.921505834372322,4.687036232056644,0.6234221199818603
validation,horizon,6,3.0,ValidationSelectedBaseline,8589,20.82465944813133,28.058267716298744,-0.10024449877750612,0.4967970088535908
validation,horizon,7,3.5,Persistence,8588,23.329063809967398,31.06687049700816,-0.12063344201210992,0.43630864458043184
validation,horizon,7,3.5,DailySeasonal,8588,41.38623660922217,54.409112628569964,-0.01176059618071728,0.0
validation,horizon,7,3.5,WeeklySeasonal,8588,60.397647880763856,75.30336643077854,-1.5301583605030276,-0.4593655482872616
validation,horizon,7,3.5,Climatology,8588,61.776788252299845,72.57820318272204,44.141946743297,-0.49268919606316675
validation,horizon,7,3.5,HistGradientBoosting,8588,16.607389860414735,21.099654738746587,5.326022618497156,0.5987219128613864
validation,horizon,7,3.5,RandomForest,8588,17.758278473771476,22.496693585637797,6.275088251095403,0.5709134260877838
validation,horizon,7,3.5,ValidationSelectedBaseline,8588,23.329063809967398,31.06687049700816,-0.12063344201210992,0.43630864458043184
validation,horizon,8,4.0,Persistence,8587,25.58460463491324,33.74117467608656,-0.1382322114824735,0.38182866950857497
validation,horizon,8,4.0,DailySeasonal,8587,41.38756259461977,54.41125760355326,-0.008035402352393152,0.0
validation,horizon,8,4.0,WeeklySeasonal,8587,60.3944334459066,75.30139665185374,-1.5221846977989986,-0.45924112607099143
validation,horizon,8,4.0,Climatology,8587,61.777641494206485,72.57641790653814,44.140746317856596,-0.49266198880330636
validation,horizon,8,4.0,HistGradientBoosting,8587,18.205498759490073,23.054825027790233,5.971902304555842,0.5601215046701804
validation,horizon,8,4.0,RandomForest,8587,19.635702918020844,24.69011481963799,7.24468791067519,0.525565129061903
validation,horizon,8,4.0,ValidationSelectedBaseline,8587,25.58460463491324,33.74117467608656,-0.1382322114824735,0.38182866950857497
validation,horizon,9,4.5,Persistence,8586,27.599697181458186,36.08267708155168,-0.15338923829489867,0.33312977700732804
validation,horizon,9,4.5,DailySeasonal,8586,41.386908921500115,54.412395906862805,-0.0034940600978336828,0.0
validation,horizon,9,4.5,WeeklySeasonal,8586,60.38982063824831,75.29832971557079,-1.5128115536920568,-0.4591527178990735
validation,horizon,9,4.5,Climatology,8586,61.7770914873924,72.57356179749236,44.13964694053512,-0.49267227481441056
validation,horizon,9,4.5,HistGradientBoosting,8586,19.846747601197155,24.95664226715358,6.824909759778719,0.5204583256304277
validation,horizon,9,4.5,RandomForest,8586,21.264740404173107,26.499229998668117,7.7575092711631,0.48619645780972365
validation,horizon,9,4.5,ValidationSelectedBaseline,8586,27.599697181458186,36.08267708155168,-0.15338923829489867,0.33312977700732804
validation,horizon,10,5.0,Persistence,8585,29.37693651718113,38.112256408227786,-0.1659871869539895,0.29015651958535393
validation,horizon,10,5.0,DailySeasonal,8585,41.385090273733255,54.412915790056424,-0.00011648223645894001,0.0
validation,horizon,10,5.0,WeeklySeasonal,8585,60.38427489807804,75.29532691406617,-1.502970297029703,-0.45908283632290137
validation,horizon,10,5.0,Climatology,8585,61.77539633206186,72.56970831628286,44.13815476196093,-0.4926969090428721
validation,horizon,10,5.0,HistGradientBoosting,8585,21.656110372048197,27.19326048353003,8.154941241027325,0.4767170923439271
validation,horizon,10,5.0,RandomForest,8585,22.832028512377104,28.384162987876657,8.320133515841777,0.44830303954010253
validation,horizon,10,5.0,ValidationSelectedBaseline,8585,29.37693651718113,38.112256408227786,-0.1659871869539895,0.29015651958535393
validation,horizon,11,5.5,Persistence,8584,30.876980428704567,39.8365486177981,-0.17497670083876982,0.2538840267201896
validation,horizon,11,5.5,DailySeasonal,8584,41.383620689655174,54.413516074534854,0.0036113699906803356,0.0
validation,horizon,11,5.5,WeeklySeasonal,8584,60.37849487418453,75.29183745607256,-1.4926607642124883,-0.4589949808156244
validation,horizon,11,5.5,Climatology,8584,61.77319868484985,72.56535629542185,44.13665175109909,-0.49269681229925677
validation,horizon,11,5.5,HistGradientBoosting,8584,22.941479446679267,28.755829194240764,9.19437244463603,0.44563865934490265
validation,horizon,11,5.5,RandomForest,8584,24.23063297082685,29.99294049897651,9.10952633211922,0.4144873607716041
validation,horizon,11,5.5,ValidationSelectedBaseline,8584,30.876980428704567,39.8365486177981,-0.17497670083876982,0.2538840267201896
validation,horizon,12,6.0,Persistence,8583,32.12594663870441,41.27869519400404,-0.1835022719328906,0.2237265136287112
validation,horizon,12,6.0,DailySeasonal,8583,41.384830478853544,54.41466355612795,0.007223581498310614,0.0
validation,horizon,12,6.0,WeeklySeasonal,8583,60.372480484679016,75.28872306688163,-1.4837469416288012,-0.45880700213397296
validation,horizon,12,6.0,Climatology,8583,61.768784517156135,72.55901455668568,44.13297898537045,-0.4925465152918338
validation,horizon,12,6.0,HistGradientBoosting,8583,24.89361777263086,31.07510185247694,10.271952802374093,0.3984844812799032
validation,horizon,12,6.0,RandomForest,8583,25.719250689317082,31.933673447719585,10.101833653824293,0.3785343472058227
validation,horizon,12,6.0,ValidationSelectedBaseline,8583,32.12594663870441,41.27869519400404,-0.1835022719328906,0.2237265136287112
validation,horizon,13,6.5,Persistence,8582,33.087858308086695,42.429875524026535,-0.18806804940573293,0.20049103522839895
validation,horizon,13,6.5,DailySeasonal,8582,41.385224889303196,54.41536266757547,0.01118620368212538,0.0
validation,horizon,13,6.5,WeeklySeasonal,8582,60.365882078769516,75.28494306342043,-1.474015381030063,-0.4586336606901522
validation,horizon,13,6.5,Climatology,8582,61.76399761253217,72.55223652348589,44.13026667809771,-0.492416623994141
validation,horizon,13,6.5,HistGradientBoosting,8582,26.557097769486404,32.95989691512423,11.371696192162796,0.358295192534991
validation,horizon,13,6.5,RandomForest,8582,27.590277486368993,34.25055069346129,11.15229437427865,0.3333302510698636
validation,horizon,13,6.5,ValidationSelectedBaseline,8582,33.087858308086695,42.429875524026535,-0.18806804940573293,0.20049103522839895
validation,horizon,14,7.0,Persistence,8581,33.79058384803636,43.30573481908011,-0.19077030649108495,0.18349342051537643
validation,horizon,14,7.0,DailySeasonal,8581,41.38433748980305,54.41509499949212,0.016897797459503556,0.0
validation,horizon,14,7.0,WeeklySeasonal,8581,60.360214427222935,75.28028890230681,-1.4635823330614148,-0.4585279863932936
validation,horizon,14,7.0,Climatology,8581,61.75838800964351,72.54438319698592,44.127755346863374,-0.4923130767735633
validation,horizon,14,7.0,HistGradientBoosting,8581,27.69824081883399,34.431390182212795,11.968098824325057,0.3307071588216499
validation,horizon,14,7.0,RandomForest,8581,29.063021098103565,35.8054105526814,12.200349458772186,0.29772897523695807
validation,horizon,14,7.0,ValidationSelectedBaseline,8581,33.79058384803636,43.30573481908011,-0.19077030649108495,0.18349342051537643
validation,horizon,15,7.5,Persistence,8580,34.23904428904429,43.91883937690581,-0.19289044289044288,0.17263453760969727
validation,horizon,15,7.5,DailySeasonal,8580,41.38321678321678,54.4146923289909,0.022843822843822845,0.0
validation,horizon,15,7.5,WeeklySeasonal,8580,60.35361305361305,75.27424916538583,-1.4517482517482518,-0.45840796692464547
validation,horizon,15,7.5,Climatology,8580,61.75298922036727,72.5364880404767,44.124821518815224,-0.49222303195655814
validation,horizon,15,7.5,HistGradientBoosting,8580,29.676898806818123,37.29224902584009,14.29654124788197,0.28287597935466025
validation,horizon,15,7.5,RandomForest,8580,30.435928628228986,37.48182637513321,12.961153550851842,0.2645344902097494
validation,horizon,15,7.5,ValidationSelectedBaseline,8580,34.23904428904429,43.91883937690581,-0.19289044289044288,0.17263453760969727
validation,horizon,16,8.0,Persistence,8579,34.53292924583285,44.31826264919371,-0.1934957454248747,0.16550568285847078
validation,horizon,16,8.0,DailySeasonal,8579,41.38186268795897,54.414362394768844,0.027392469984846717,0.0
validation,horizon,16,8.0,WeeklySeasonal,8579,60.34607763142557,75.26846306154421,-1.4401445389905583,-0.45827359407348967
validation,horizon,16,8.0,Climatology,8579,61.74761831341078,72.52746856150699,44.120899712254875,-0.4921420714920526
validation,horizon,16,8.0,HistGradientBoosting,8579,31.085661910234055,38.787482897096524,15.10533620781363,0.2488095051535908
validation,horizon,16,8.0,RandomForest,8579,32.024782713917006,39.29480709368748,14.262706852352702,0.22611548553527605
validation,horizon,16,8.0,ValidationSelectedBaseline,8579,34.53292924583285,44.31826264919371,-0.1934957454248747,0.16550568285847078
validation,horizon,17,8.5,Persistence,8578,34.70167871298671,44.575418576218055,-0.19293541618092797,0.161393287675478
validation,horizon,17,8.5,DailySeasonal,8578,41.380158545115414,54.414337674512225,0.029727209139659594,0.0
validation,horizon,17,8.5,WeeklySeasonal,8578,60.33889018419212,75.26374005167185,-1.429587316390767,-0.45815995650201846
validation,horizon,17,8.5,Climatology,8578,61.742123748047455,72.51781749967633,44.11605253339177,-0.4920707391860779
validation,horizon,17,8.5,HistGradientBoosting,8578,32.0434071101513,39.94763730429344,15.92025255402384,0.22563353460293212
validation,horizon,17,8.5,RandomForest,8578,33.63830601973363,41.255424044981304,15.274199316769225,0.1870909343409377
validation,horizon,17,8.5,ValidationSelectedBaseline,8578,34.70167871298671,44.575418576218055,-0.19293541618092797,0.161393287675478
validation,horizon,18,9.0,Persistence,8578,34.81510841688039,44.737471560457635,-0.1902541384938214,0.1586521260201883
validation,horizon,18,9.0,DailySeasonal,8578,41.380158545115414,54.414337674512225,0.0262298904173467,0.0
validation,horizon,18,9.0,WeeklySeasonal,8578,60.33842387502914,75.26364092091491,-1.4300536255537422,-0.45814868759490524
validation,horizon,18,9.0,Climatology,8578,61.73155018777699,72.50477394616148,44.10547897312131,-0.49181521671728556
validation,horizon,18,9.0,HistGradientBoosting,8578,33.302526285371556,41.43890501270554,16.248573678387487,0.19520544492204117
validation,horizon,18,9.0,RandomForest,8578,34.4611197488397,42.26658615050216,16.539281785944134,0.16720667681183765
validation,horizon,18,9.0,ValidationSelectedBaseline,8578,34.81510841688039,44.737471560457635,-0.1902541384938214,0.1586521260201883
validation,horizon,19,9.5,Persistence,8578,34.922709256236885,44.872494939013144,-0.1871065516437398,0.1560756009679718
validation,horizon,19,9.5,DailySeasonal,8578,41.38132431802285,54.414659033601076,0.02273257169503381,0.0
validation,horizon,19,9.5,WeeklySeasonal,8578,60.33877360690138,75.26370829886548,-1.4297038936815107,-0.4581160608391155
validation,horizon,19,9.5,Climatology,8578,61.721570005916426,72.49283676366858,44.095498791260724,-0.49153201409348735
validation,horizon,19,9.5,HistGradientBoosting,8578,34.34807280407749,42.72846648883624,17.4540430123591,0.1699619726979632
validation,horizon,19,9.5,RandomForest,8578,35.50363184046178,43.418222980281065,17.554324190961673,0.14203732177322204
validation,horizon,19,9.5,ValidationSelectedBaseline,8578,34.922709256236885,44.872494939013144,-0.1871065516437398,0.1560756009679718
validation,horizon,20,10.0,Persistence,8578,35.08463511307997,45.03033872759705,-0.18535789228258334,0.1521984089423749
validation,horizon,20,10.0,DailySeasonal,8578,41.383072977384,54.41515713643818,0.01911867568197715,0.0
validation,horizon,20,10.0,WeeklySeasonal,8578,60.34063884355328,75.26400569047836,-1.4269060387036605,-0.4580995199783653
validation,horizon,20,10.0,Climatology,8578,61.71240469931814,72.48204005809332,44.08633348466246,-0.4912475140027468
validation,horizon,20,10.0,HistGradientBoosting,8578,35.45385086857592,43.99401680037526,18.14863626009989,0.14327650612240483
validation,horizon,20,10.0,RandomForest,8578,35.864219379111795,43.909502717964095,17.688363308535756,0.13336016881318313
validation,horizon,20,10.0,ValidationSelectedBaseline,8578,35.08463511307997,45.03033872759705,-0.18535789228258334,0.1521984089423749
validation,horizon,21,10.5,Persistence,8578,35.29330846351131,45.2668134725485,-0.18419211937514574,0.14719676845980723
validation,horizon,21,10.5,DailySeasonal,8578,41.38505479132665,54.41579448718223,0.015038470505945442,0.0
validation,horizon,21,10.5,WeeklySeasonal,8578,60.34157146187923,75.26419155963968,-1.4234087199813477,-0.4580522308387862
validation,horizon,21,10.5,Climatology,8578,61.70392486718944,72.47249988760906,44.07785365253376,-0.49097120151985774
validation,horizon,21,10.5,HistGradientBoosting,8578,35.998253983439156,44.65894827844902,18.452058410126007,0.13016294976650467
validation,horizon,21,10.5,RandomForest,8578,36.80836052866412,45.01250047995445,18.532092814984818,0.1105880923859911
validation,horizon,21,10.5,ValidationSelectedBaseline,8578,35.29330846351131,45.2668134725485,-0.18419211937514574,0.14719676845980723
validation,horizon,22,11.0,Persistence,8578,35.585567731405924,45.62637938393359,-0.17917929587316392,0.14017114721590007
validation,horizon,22,11.0,DailySeasonal,8578,41.38680345068781,54.41619617499262,0.012124038237351364,0.0
validation,horizon,22,11.0,WeeklySeasonal,8578,60.342504080205174,75.26451373176529,-1.417346700862672,-0.4580131599702548
validation,horizon,22,11.0,Climatology,8578,61.69799458040932,72.46582281641356,44.07192336575363,-0.4907649162594112
validation,horizon,22,11.0,HistGradientBoosting,8578,36.365234868689235,45.04489131311702,18.31198157828409,0.12133260274574598
validation,horizon,22,11.0,RandomForest,8578,38.142593051976064,46.7509181319249,19.569887172031606,0.07838755661758723
validation,horizon,22,11.0,ValidationSelectedBaseline,8578,35.585567731405924,45.62637938393359,-0.17917929587316392,0.14017114721590007
validation,horizon,23,11.5,Persistence,8578,35.959197948239684,46.12998502892608,-0.17486593611564466,0.13118988268762233
validation,horizon,23,11.5,DailySeasonal,8578,41.389018419211936,54.416623567566994,0.009675915131732339,0.0
validation,horizon,23,11.5,WeeklySeasonal,8578,60.34297038936815,75.2646934040825,-1.4105852179995337,-0.4579463996507387
validation,horizon,23,11.5,Climatology,8578,61.69354365944871,72.46110798955516,44.06747244479302,-0.4905775980135789
validation,horizon,23,11.5,HistGradientBoosting,8578,37.136424856608116,46.0736765288911,18.643100956638314,0.10274690546006893
validation,horizon,23,11.5,RandomForest,8578,38.890352282719405,47.754718680496005,20.246438950082883,0.06037026805479162
validation,horizon,23,11.5,ValidationSelectedBaseline,8578,35.959197948239684,46.12998502892608,-0.17486593611564466,0.13118988268762233
validation,horizon,24,12.0,Persistence,8578,36.47050594544183,46.80073393298324,-0.16903707157845652,0.11888084314172809
validation,horizon,24,12.0,DailySeasonal,8578,41.391116810445325,54.41708630461474,0.007577523898344603,0.0
validation,horizon,24,12.0,WeeklySeasonal,8578,60.342387502914434,75.26446494136373,-1.4037071578456517,-0.45785840423824054
validation,horizon,24,12.0,Climatology,8578,61.690514981435186,72.4581252734839,44.064443766779505,-0.4904288585387282
validation,horizon,24,12.0,HistGradientBoosting,8578,38.275180480563485,47.42083485220933,20.11533488676341,0.07528031543945957
validation,horizon,24,12.0,RandomForest,8578,39.548923242767614,48.529873052185295,20.556405312607566,0.044506979024369286
validation,horizon,24,12.0,ValidationSelectedBaseline,8578,36.47050594544183,46.80073393298324,-0.16903707157845652,0.11888084314172809
validation,horizon,25,12.5,Persistence,8578,37.080671485194685,47.63531853497139,-0.16344136162275588,0.10416461304050262
validation,horizon,25,12.5,DailySeasonal,8578,41.39228258335276,54.41749333857975,0.006411750990906971,0.0
validation,horizon,25,12.5,WeeklySeasonal,8578,60.34052226626253,75.26369668198176,-1.3964793658195382,-0.4577722826653299
validation,horizon,25,12.5,Climatology,8578,61.68831283641305,72.45612803778313,44.06224162175735,-0.49033368025040946
validation,horizon,25,12.5,HistGradientBoosting,8578,38.21397275166969,47.41947363237317,18.9665131025926,0.07678508246755478
validation,horizon,25,12.5,RandomForest,8578,40.01245974456459,49.09396434287051,20.58505372092634,0.03333526813868226
validation,horizon,25,12.5,ValidationSelectedBaseline,8578,37.080671485194685,47.63531853497139,-0.16344136162275588,0.10416461304050262
validation,horizon,26,13.0,Persistence,8578,37.80776404756354,48.62283049766885,-0.15749591979482397,0.08659871628415228
validation,horizon,26,13.0,DailySeasonal,8578,41.39228258335276,54.41749333857975,0.006411750990906971,0.0
validation,horizon,26,13.0,WeeklySeasonal,8578,60.33784098857542,75.26239635413022,-1.3879692235952437,-0.45770750542861416
validation,horizon,26,13.0,Climatology,8578,61.68732542676045,72.45529844740425,44.06125421210476,-0.49030982532888867
validation,horizon,26,13.0,HistGradientBoosting,8578,39.02409425600094,48.62009921451088,19.810311337121316,0.05721328178949614
validation,horizon,26,13.0,RandomForest,8578,41.08344979846641,50.461235968526275,21.19946971644242,0.007461119938588667
validation,horizon,26,13.0,ValidationSelectedBaseline,8578,37.80776404756354,48.62283049766885,-0.15749591979482397,0.08659871628415228
validation,horizon,27,13.5,Persistence,8578,38.65714618792259,49.728909538882135,-0.14956866402424807,0.06606263219708386
validation,horizon,27,13.5,DailySeasonal,8578,41.3915831196083,54.417133435019174,0.00711121473536955,0.0
validation,horizon,27,13.5,WeeklySeasonal,8578,60.333527628817905,75.2600752246889,-1.378526463044999,-0.4576279301633259
validation,horizon,27,13.5,Climatology,8578,61.68731376903136,72.45528932302174,44.061242554375674,-0.49033472797537025
validation,horizon,27,13.5,HistGradientBoosting,8578,40.50344732076179,50.298827386357765,20.466679581741598,0.021456917854049684
validation,horizon,27,13.5,RandomForest,8578,41.46726509506851,50.778123791070165,21.284738672062016,-0.0018284387732045992
validation,horizon,27,13.5,ValidationSelectedBaseline,8578,38.65714618792259,49.728909538882135,-0.14956866402424807,0.06606263219708386
validation,horizon,28,14.0,Persistence,8578,39.59664257402658,50.91701860739396,-0.14129167638144088,0.04335139641517283
validation,horizon,28,14.0,DailySeasonal,8578,41.39100023315458,54.416817446299746,0.007694101189088366,0.0
validation,horizon,28,14.0,WeeklySeasonal,8578,60.32781534157146,75.25684937871029,-1.368617393331779,-0.45751044917364214
validation,horizon,28,14.0,Climatology,8578,61.68736156572057,72.45532590509539,44.06129035106488,-0.49035687029153796
validation,horizon,28,14.0,HistGradientBoosting,8578,40.973038184444235,50.62406459841304,21.284737111755387,0.0100978967977573
validation,horizon,28,14.0,RandomForest,8578,41.76540663357562,51.07816499529874,21.623186933868904,-0.009045599244087432
validation,horizon,28,14.0,ValidationSelectedBaseline,8578,39.59664257402658,50.91701860739396,-0.14129167638144088,0.04335139641517283
validation,horizon,29,14.5,Persistence,8578,40.54313359757519,52.13420344684545,-0.13581254371648402,0.020470529253873493
validation,horizon,29,14.5,DailySeasonal,8578,41.390417346700865,54.416512167319674,0.008276987642807182,0.0
validation,horizon,29,14.5,WeeklySeasonal,8578,60.3215201678713,75.25300141807946,-1.3578922825833528,-0.4573788822324931
validation,horizon,29,14.5,Climatology,8578,61.68742568323047,72.4553754652881,44.06135446857479,-0.4903794075453418
validation,horizon,29,14.5,HistGradientBoosting,8578,40.8549396203371,50.430796643067225,21.0928906674539,0.012937239116929233
validation,horizon,29,14.5,RandomForest,8578,42.18553982948478,51.62265460927011,22.117323495589755,-0.019210303586061572
validation,horizon,29,14.5,ValidationSelectedBaseline,8578,40.54313359757519,52.13420344684545,-0.13581254371648402,0.020470529253873493
validation,horizon,30,15.0,Persistence,8578,41.489391466542315,53.32425871931611,-0.13196549312193984,-0.0023545316284570017
validation,horizon,30,15.0,DailySeasonal,8578,41.39193285148053,54.41716664050688,0.006761482863138261,0.0
validation,horizon,30,15.0,WeeklySeasonal,8578,60.315458148752626,75.24961802443586,-1.3480997901608767,-0.45717906832648003
validation,horizon,30,15.0,Climatology,8578,61.68613109830452,72.45430444471471,44.060059883648826,-0.490293563232288
validation,horizon,30,15.0,HistGradientBoosting,8578,41.75115951860187,51.681017591260975,22.48381877538591,-0.008678663748568738
validation,horizon,30,15.0,RandomForest,8578,43.27573813808805,53.10862583045348,23.506570022315973,-0.04551141144741533
validation,horizon,30,15.0,ValidationSelectedBaseline,8578,41.39193285148053,54.41716664050688,0.006761482863138261,0.0
validation,horizon,31,15.5,Persistence,8578,42.390533923991605,54.43204280338122,-0.12730240149218933,-0.024122615550567383
validation,horizon,31,15.5,DailySeasonal,8578,41.39204942877127,54.417214841985235,0.006644905572394498,0.0
validation,horizon,31,15.5,WeeklySeasonal,8578,60.30904639776172,75.24574103218951,-1.3374912567031942,-0.45702006134157247
validation,horizon,31,15.5,Climatology,8578,61.68494189218409,72.45331963845229,44.0588706775284,-0.49026063564051015
validation,horizon,31,15.5,HistGradientBoosting,8578,41.4996344632913,51.20798997346467,21.59084097396507,-0.002599171483527618
validation,horizon,31,15.5,RandomForest,8578,45.08098031136752,55.058574266588764,25.311162803433863,-0.08912172587502032
validation,horizon,31,15.5,ValidationSelectedBaseline,8578,41.39204942877127,54.417214841985235,0.006644905572394498,0.0
validation,horizon,32,16.0,Persistence,8579,43.20526867933326,55.41654826966211,-0.12961883669425342,-0.043801252590790485
validation,horizon,32,16.0,DailySeasonal,8579,41.39223685744259,54.41644345326459,0.0016318918288844855,0.0
validation,horizon,32,16.0,WeeklySeasonal,8579,60.310176011190116,75.25035574112194,-1.3422310292574893,-0.4570407542579076
validation,horizon,32,16.0,Climatology,8579,61.67539875213772,72.44696670549988,44.050816940252304,-0.49002333371234763
validation,horizon,32,16.0,HistGradientBoosting,8579,43.249609402933,53.593853378412554,23.92998778614953,-0.044872485434583
validation,horizon,32,16.0,RandomForest,8579,45.175185042468954,54.81192318812439,24.940794315125313,-0.0913926975740662
validation,horizon,32,16.0,ValidationSelectedBaseline,8579,41.39223685744259,54.41644345326459,0.0016318918288844855,0.0
validation,horizon,33,16.5,Persistence,8580,43.84428904428904,56.23994341596758,-0.13263403263403264,-0.05925550487131814
validation,horizon,33,16.5,DailySeasonal,8580,41.39160839160839,54.41528134469989,-0.002564102564102564,0.0
validation,horizon,33,16.5,WeeklySeasonal,8580,60.31060606060606,75.25457880887801,-1.3472027972027971,-0.45707326688066674
validation,horizon,33,16.5,Climatology,8580,61.664938668225794,72.43990946565265,44.04202871902242,-0.48979324709516603
validation,horizon,33,16.5,HistGradientBoosting,8580,44.43205194687544,54.56638652389283,25.03326832172929,-0.07345555472261989
validation,horizon,33,16.5,RandomForest,8580,45.4180011664896,55.37005978873148,25.396979211236886,-0.09727558148471238
validation,horizon,33,16.5,ValidationSelectedBaseline,8580,41.39160839160839,54.41528134469989,-0.002564102564102564,0.0
validation,horizon,34,17.0,Persistence,8581,44.36930427689081,56.87877327338546,-0.1332012585945694,-0.07196191162641408
validation,horizon,34,17.0,DailySeasonal,8581,41.390746999184245,54.41392673245459,-0.0055937536417666935,0.0
validation,horizon,34,17.0,WeeklySeasonal,8581,60.311968302062695,75.25968947610416,-1.3526395524997086,-0.4571365021088254
validation,horizon,34,17.0,Climatology,8581,61.65418836254911,72.43235421422837,44.03276109717619,-0.48956452425862773
validation,horizon,34,17.0,HistGradientBoosting,8581,45.62129171238608,55.85979658493797,26.295441649711904,-0.10220991453198991
validation,horizon,34,17.0,RandomForest,8581,45.94201897135874,55.865103913370724,25.312160863307327,-0.10995868164119371
validation,horizon,34,17.0,ValidationSelectedBaseline,8581,41.390746999184245,54.41392673245459,-0.0055937536417666935,0.0
validation,horizon,35,17.5,Persistence,8582,44.713353530645534,57.328421319050065,-0.1272430668841762,-0.08024491519459498
validation,horizon,35,17.5,DailySeasonal,8582,41.39186669773945,54.412813317157735,-0.007573992076439058,0.0
validation,horizon,35,17.5,WeeklySeasonal,8582,60.31449545560476,75.26459734260052,-1.3569098112328128,-0.45715813920754456
validation,horizon,35,17.5,Climatology,8582,61.643677292105814,72.42469822421982,44.02396075002179,-0.48927028931199135
validation,horizon,35,17.5,HistGradientBoosting,8582,44.18645528421114,54.25120719903211,23.592083922415284,-0.06751540361489217
validation,horizon,35,17.5,RandomForest,8582,46.284019388287504,56.14646109625233,25.511843602747387,-0.11819115881563347
validation,horizon,35,17.5,ValidationSelectedBaseline,8582,41.39186669773945,54.412813317157735,-0.007573992076439058,0.0
validation,horizon,36,18.0,Persistence,8583,44.87696609577071,57.596503520231416,-0.11965513223814517,-0.08415310697729406
validation,horizon,36,18.0,DailySeasonal,8583,41.393568682278925,54.41176758805388,-0.009437259699405802,0.0
validation,horizon,36,18.0,WeeklySeasonal,8583,60.316206454619596,75.26725074893025,-1.3598974717464756,-0.45713955995395184
validation,horizon,36,18.0,Climatology,8583,61.63269381872358,72.41628796879759,44.01503013887214,-0.4889437122900029
validation,horizon,36,18.0,HistGradientBoosting,8583,44.261086332405235,54.43192253607905,24.575800591106077,-0.06927447285679245
validation,horizon,36,18.0,RandomForest,8583,46.297719436335754,56.260582316763134,25.705130049251178,-0.11847615245979881
validation,horizon,36,18.0,ValidationSelectedBaseline,8583,41.393568682278925,54.41176758805388,-0.009437259699405802,0.0
validation,horizon,37,18.5,Persistence,8584,44.869757688723205,57.68992903787588,-0.11206896551724138,-0.08393135549814534
validation,horizon,37,18.5,DailySeasonal,8584,41.39538676607642,54.410688896297,-0.011183597390493943,0.0
validation,horizon,37,18.5,WeeklySeasonal,8584,60.31838303821063,75.26978581765958,-1.3631174277726001,-0.457128142782365
validation,horizon,37,18.5,Climatology,8584,61.619666626145374,72.40563547102941,44.00394582416902,-0.48856361638449
validation,horizon,37,18.5,HistGradientBoosting,8584,44.54484455776989,54.6080022886724,24.775074206821785,-0.07608233761628869
validation,horizon,37,18.5,RandomForest,8584,46.43192675044236,56.29651494466852,25.372932900269337,-0.12166911286098636
validation,horizon,37,18.5,ValidationSelectedBaseline,8584,41.39538676607642,54.410688896297,-0.011183597390493943,0.0
validation,horizon,38,19.0,Persistence,8585,44.72498543972044,57.62505481421508,-0.10343622597553873,-0.08045349534151436
validation,horizon,38,19.0,DailySeasonal,8585,41.39464181712289,54.40847149599035,-0.013628421665695981,0.0
validation,horizon,38,19.0,WeeklySeasonal,8585,60.31986022131625,75.27102960299953,-1.36703552708212,-0.457190051016819
validation,horizon,38,19.0,Climatology,8585,61.60466255280158,72.39213171582978,43.99099366938108,-0.48822794082781074
validation,horizon,38,19.0,HistGradientBoosting,8585,45.042792365392984,55.42607823525067,24.397861931761994,-0.08813098478752956
validation,horizon,38,19.0,RandomForest,8585,46.50129261667074,56.49680557250457,25.84869290943312,-0.12336501961071411
validation,horizon,38,19.0,ValidationSelectedBaseline,8585,41.39464181712289,54.40847149599035,-0.013628421665695981,0.0
validation,horizon,39,19.5,Persistence,8586,44.44793850454228,57.4085789199912,-0.09736780805963195,-0.07381625004220638
validation,horizon,39,19.5,DailySeasonal,8586,41.39249941765665,54.406194581606414,-0.01816911250873515,0.0
validation,horizon,39,19.5,WeeklySeasonal,8586,60.322734684369905,75.27290437318254,-1.3737479617982762,-0.457334916543799
validation,horizon,39,19.5,Climatology,8586,61.58677935135699,72.37576308011954,43.97516190852389,-0.4878729291009214
validation,horizon,39,19.5,HistGradientBoosting,8586,45.713203784889764,56.19964614757993,25.62607756840084,-0.10438375135641231
validation,horizon,39,19.5,RandomForest,8586,45.94824821617343,55.88502487590683,24.996722496243887,-0.1100621818592924
validation,horizon,39,19.5,ValidationSelectedBaseline,8586,41.39249941765665,54.406194581606414,-0.01816911250873515,0.0
validation,horizon,40,20.0,Persistence,8587,44.0507744264586,57.067617246231144,-0.09246535460579947,-0.06423133408734127
validation,horizon,40,20.0,DailySeasonal,8587,41.39210434377547,54.4049145260212,-0.02515430301618726,0.0
validation,horizon,40,20.0,WeeklySeasonal,8587,60.32782112495633,75.27599696523642,-1.3838360312099685,-0.4574717106410755
validation,horizon,40,20.0,Climatology,8587,61.56793303133737,72.3571871030917,43.95686195131349,-0.48743181839692884
validation,horizon,40,20.0,HistGradientBoosting,8587,45.35972677089692,55.31478000250899,24.495016808598628,-0.09585457154265464
validation,horizon,40,20.0,RandomForest,8587,45.819058933939274,55.9864379726844,24.69414544432527,-0.10695166772378717
validation,horizon,40,20.0,ValidationSelectedBaseline,8587,41.39210434377547,54.4049145260212,-0.02515430301618726,0.0
validation,horizon,41,20.5,Persistence,8588,43.57568700512343,56.618453511751916,-0.0903586399627387,-0.05278141931999136
validation,horizon,41,20.5,DailySeasonal,8588,41.39101071262226,54.403938663959245,-0.032603632976245925,0.0
validation,horizon,41,20.5,WeeklySeasonal,8588,60.33232417326502,75.27892242910117,-1.394736842105263,-0.4576190127888462
validation,horizon,41,20.5,Climatology,8588,61.548240150866505,72.33658945354608,43.936963094023824,-0.48699534249588305
validation,horizon,41,20.5,HistGradientBoosting,8588,45.69877175254168,55.81553370530919,25.24434825942348,-0.10407479705746248
validation,horizon,41,20.5,RandomForest,8588,45.68500918939418,55.7815654221538,24.01752327799324,-0.10374229579908412
validation,horizon,41,20.5,ValidationSelectedBaseline,8588,41.39101071262226,54.403938663959245,-0.032603632976245925,0.0
validation,horizon,42,21.0,Persistence,8589,43.03667481662592,56.09564084766012,-0.09151239958085924,-0.03976889148926599
validation,horizon,42,21.0,DailySeasonal,8589,41.39061590406334,54.403022934508165,-0.040516940272441494,0.0
validation,horizon,42,21.0,WeeklySeasonal,8589,60.336011177086974,75.28211233290102,-1.4071486785423215,-0.4577219946892299
validation,horizon,42,21.0,Climatology,8589,61.52803129969534,72.31529184481938,43.91605698788197,-0.4865212791785276
validation,horizon,42,21.0,HistGradientBoosting,8589,45.60672174023515,56.16871566870981,24.829674220865556,-0.10186139404023509
validation,horizon,42,21.0,RandomForest,8589,45.72258329442616,55.80925561539564,24.071359765924292,-0.10466061680269778
validation,horizon,42,21.0,ValidationSelectedBaseline,8589,41.39061590406334,54.403022934508165,-0.040516940272441494,0.0
validation,horizon,43,21.5,Persistence,8590,42.469033760186264,55.5400316041836,-0.09278230500582073,-0.02606731713079502
validation,horizon,43,21.5,DailySeasonal,8590,41.390104772991855,54.401898763343205,-0.04947613504074505,0.0
validation,horizon,43,21.5,WeeklySeasonal,8590,60.33923166472643,75.2848173622141,-1.4193247962747382,-0.4578178044163681
validation,horizon,43,21.5,Climatology,8590,61.50828444974881,72.29478714276772,43.89556647953171,-0.4860625453135987
validation,horizon,43,21.5,HistGradientBoosting,8590,47.51985440464026,58.09138255623777,27.227852880849657,-0.14809698272733618
validation,horizon,43,21.5,RandomForest,8590,45.02239539442332,55.086148803611074,22.972985275419717,-0.08775746380332028
validation,horizon,43,21.5,ValidationSelectedBaseline,8590,41.390104772991855,54.401898763343205,-0.04947613504074505,0.0
validation,horizon,44,22.0,Persistence,8591,41.96170410895123,55.006973029151695,-0.0948667209870795,-0.013799755895901544
validation,horizon,44,22.0,DailySeasonal,8591,41.390524967989755,54.40120918633944,-0.05959725293912234,0.0
validation,horizon,44,22.0,WeeklySeasonal,8591,60.342335001746015,75.28812695435887,-1.4330112908858108,-0.4578779816978171
validation,horizon,44,22.0,Climatology,8591,61.49089905323904,72.27689498007763,43.87610597162282,-0.4856274256196156
validation,horizon,44,22.0,HistGradientBoosting,8591,46.96877834492114,57.76537888311657,25.87120629330895,-0.13477126422642494
validation,horizon,44,22.0,RandomForest,8591,45.049339794359454,55.08648649575671,22.943770529671852,-0.08839740083507808
validation,horizon,44,22.0,ValidationSelectedBaseline,8591,41.390524967989755,54.40120918633944,-0.05959725293912234,0.0
validation,horizon,45,22.5,Persistence,8592,41.56110335195531,54.55235022682358,-0.09578677839851024,-0.004082768859608565
validation,horizon,45,22.5,DailySeasonal,8592,41.39210893854749,54.40154240987618,-0.0699487895716946,0.0
validation,horizon,45,22.5,WeeklySeasonal,8592,60.346601489757916,75.29266764263888,-1.4466945996275604,-0.4579252673341938
validation,horizon,45,22.5,Climatology,8592,61.47645432885933,72.2619055481157,43.858564738058,-0.48522160154076555
validation,horizon,45,22.5,HistGradientBoosting,8592,45.84474901703796,55.91587300731421,23.866437417587456,-0.10757219655323813
validation,horizon,45,22.5,RandomForest,8592,44.387074626741345,54.2342079327714,21.802905409336898,-0.07235595781409243
validation,horizon,45,22.5,ValidationSelectedBaseline,8592,41.39210893854749,54.40154240987618,-0.0699487895716946,0.0
validation,horizon,46,23.0,Persistence,8593,41.29268008844408,54.24194862870634,-0.09589200512044688,0.0024430906080176173
validation,horizon,46,23.0,DailySeasonal,8593,41.393808914232515,54.40200711140473,-0.08018154311649017,0.0
validation,horizon,46,23.0,WeeklySeasonal,8593,60.352379844059115,75.29863891660254,-1.4607238449901083,-0.4580049873909535
validation,horizon,46,23.0,Climatology,8593,61.463001401385334,72.24856332569863,43.84264909553581,-0.48483560739085285
validation,horizon,46,23.0,HistGradientBoosting,8593,46.51908648752912,56.785435572169774,25.120822311933914,-0.12381749125614716
validation,horizon,46,23.0,RandomForest,8593,44.8051640699829,54.743055489606554,22.13733935593948,-0.08241220716891928
validation,horizon,46,23.0,ValidationSelectedBaseline,8593,41.29268008844408,54.24194862870634,-0.09589200512044688,0.0024430906080176173
validation,horizon,47,23.5,Persistence,8594,41.219455434023736,54.17387688238034,-0.09681172911333488,0.004266945507901521
validation,horizon,47,23.5,DailySeasonal,8594,41.39609029555504,54.402526242182,-0.0900628345357226,0.0
validation,horizon,47,23.5,WeeklySeasonal,8594,60.3581568536188,75.30426838408914,-1.4742843844542703,-0.45806418970198837
validation,horizon,47,23.5,Climatology,8594,61.44984050208606,72.23615573048893,43.828040715704276,-0.484435850423399
validation,horizon,47,23.5,HistGradientBoosting,8594,47.100970564404086,57.52951448405495,26.439043842381505,-0.13781205490948545
validation,horizon,47,23.5,RandomForest,8594,45.06823613476593,54.99179016753388,22.35479895532964,-0.08870755216236437
validation,horizon,47,23.5,ValidationSelectedBaseline,8594,41.219455434023736,54.17387688238034,-0.09681172911333488,0.004266945507901521
validation,horizon,48,24.0,Persistence,8595,41.3977894124491,54.40253946439008,-0.09959278650378127,0.0
validation,horizon,48,24.0,DailySeasonal,8595,41.3977894124491,54.40253946439008,-0.09959278650378127,0.0
validation,horizon,48,24.0,WeeklySeasonal,8595,60.363118091913904,75.30870112667495,-1.4870273414776032,-0.4581241884804983
validation,horizon,48,24.0,Climatology,8595,61.43623818146794,72.22367947122343,43.81379171675997,-0.48404634772582567
validation,horizon,48,24.0,HistGradientBoosting,8595,47.33087414009282,57.79835326574161,25.991363746219765,-0.14331887793649978
validation,horizon,48,24.0,RandomForest,8595,45.535028303109144,55.52177220820624,22.45674804214492,-0.09993864284492204
validation,horizon,48,24.0,ValidationSelectedBaseline,8595,41.3977894124491,54.40253946439008,-0.09959278650378127,0.0
validation,aggregate,0,0.0,Persistence,412033,34.9974565144054,47.05017829232357,-0.13083175376729533,0.1544118177401559
validation,aggregate,0,0.0,DailySeasonal,412033,41.38829899546881,54.41072271753133,-0.011511213907623904,0.0
validation,aggregate,0,0.0,WeeklySeasonal,412033,60.35095004526337,75.27984377706618,-1.4374601063507049,-0.4581645419124518
validation,aggregate,0,0.0,Climatology,412033,61.673959352290666,72.4580877270237,44.04917354520819,-0.4901303230423346
validation,aggregate,0,0.0,HistGradientBoosting,412033,34.09733006405443,44.834648868394225,17.264911232755377,0.17616014932656676
validation,aggregate,0,0.0,RandomForest,412033,34.8636343341618,45.276445507815005,17.18987024022295,0.157645151399465
validation,aggregate,0,0.0,ValidationSelectedBaseline,412033,34.30341744471924,46.34664375591197,-0.10079775163639805,0.17118078593964992
test,horizon,1,0.5,Persistence,8784,5.048497267759563,7.277232004452671,0.00546448087431694,0.8747698494278711
test,horizon,1,0.5,DailySeasonal,8784,40.31375227686703,52.59715401236425,0.16234061930783242,0.0
test,horizon,1,0.5,WeeklySeasonal,8784,53.53187613843352,68.89650146698162,-0.6033697632058288,-0.32788125924838196
test,horizon,1,0.5,Climatology,8784,60.21280905788665,70.04470925069228,42.13568490086388,-0.49360467972211475
test,horizon,1,0.5,HistGradientBoosting,8784,3.565534568708279,4.876198130975354,0.3136802718374629,0.911555378318027
test,horizon,1,0.5,RandomForest,8784,3.8244042545095516,5.315784164100552,0.3050160218237066,0.9051340041918131
test,horizon,1,0.5,ValidationSelectedBaseline,8784,5.048497267759563,7.277232004452671,0.00546448087431694,0.8747698494278711
test,horizon,2,1.0,Persistence,8784,9.22301912568306,13.191074250822425,0.010359744990892532,0.771209990341766
test,horizon,2,1.0,DailySeasonal,8784,40.31215846994535,52.596790385291044,0.16393442622950818,0.0
test,horizon,2,1.0,WeeklySeasonal,8784,53.53164845173042,68.89649485745257,-0.6031420765027322,-0.3279281111092285
test,horizon,2,1.0,Climatology,8784,60.21902613530934,70.0510796526502,42.14190197828656,-0.4938179552009232
test,horizon,2,1.0,HistGradientBoosting,8784,6.0282962703821426,8.120709071553863,0.7904159743381566,0.8504596007957121
test,horizon,2,1.0,RandomForest,8784,6.672300115141889,9.14399009320657,0.7839079244217643,0.8344841762785684
test,horizon,2,1.0,ValidationSelectedBaseline,8784,9.22301912568306,13.191074250822425,0.010359744990892532,0.771209990341766
test,horizon,3,1.5,Persistence,8784,13.132741347905283,18.609366337484353,0.015027322404371584,0.6742136908308881
test,horizon,3,1.5,DailySeasonal,8784,40.310906193078324,52.59654039021993,0.16518670309653916,0.0
test,horizon,3,1.5,WeeklySeasonal,8784,53.53164845173042,68.89649485745257,-0.6031420765027322,-0.3279693638076089
test,horizon,3,1.5,Climatology,8784,60.22489596751114,70.05713601769993,42.14777181048836,-0.49400997534141733
test,horizon,3,1.5,HistGradientBoosting,8784,8.502373162892106,11.33161116674132,1.5214742930642298,0.7890800786723067
test,horizon,3,1.5,RandomForest,8784,9.305194224143763,12.660596860726368,1.283736503593617,0.7691643502238723
test,horizon,3,1.5,ValidationSelectedBaseline,8784,13.132741347905283,18.609366337484353,0.015027322404371584,0.6742136908308881
test,horizon,4,2.0,Persistence,8784,16.83162568306011,23.50831393838923,0.01878415300546448,0.5824547926945334
test,horizon,4,2.0,DailySeasonal,8784,40.310906193078324,52.59654039021993,0.16518670309653916,0.0
test,horizon,4,2.0,WeeklySeasonal,8784,53.53085154826958,68.89638497393916,-0.6039389799635702,-0.3279495948781528
test,horizon,4,2.0,Climatology,8784,60.22994689803679,70.06279929771809,42.15282274101402,-0.4941352746959262
test,horizon,4,2.0,HistGradientBoosting,8784,10.682276631088483,14.077947151104375,2.2832252477074175,0.7350028158651838
test,horizon,4,2.0,RandomForest,8784,11.677859727289617,15.682108447162092,1.867949956768581,0.7103052044685914
test,horizon,4,2.0,ValidationSelectedBaseline,8784,16.83162568306011,23.50831393838923,0.01878415300546448,0.5824547926945334
test,horizon,5,2.5,Persistence,8784,20.297586520947178,27.910502133176454,0.022540983606557378,0.49647691425698903
test,horizon,5,2.5,DailySeasonal,8784,40.31113387978142,52.596549048077755,0.16495901639344263,0.0
test,horizon,5,2.5,WeeklySeasonal,8784,53.529826958105645,68.89618420887187,-0.6049635701275046,-0.3279166772571047
test,horizon,5,2.5,Climatology,8784,60.234969218233296,70.06864467128986,42.157845061210516,-0.4942514243799263
test,horizon,5,2.5,HistGradientBoosting,8784,12.782341779391167,16.652450557510537,3.054265005300642,0.6829079078372857
test,horizon,5,2.5,RandomForest,8784,13.903594179166523,18.391713265265157,3.0087151414748843,0.6550929522193358
test,horizon,5,2.5,ValidationSelectedBaseline,8784,20.297586520947178,27.910502133176454,0.022540983606557378,0.49647691425698903
test,horizon,6,3.0,Persistence,8784,23.52037795992714,31.86143189564464,0.026753187613843352,0.41652734317634965
test,horizon,6,3.0,DailySeasonal,8784,40.31102003642987,52.59653497905806,0.1650728597449909,0.0
test,horizon,6,3.0,WeeklySeasonal,8784,53.529257741347905,68.89608093443242,-0.6055327868852459,-0.3279063068355117
test,horizon,6,3.0,Climatology,8784,60.240371591234705,70.0747135967293,42.16324743421194,-0.49438966160603925
test,horizon,6,3.0,HistGradientBoosting,8784,14.781845452693663,19.109542770715045,3.6838585902072,0.6333051002099422
test,horizon,6,3.0,RandomForest,8784,16.013554912274817,20.939027246215044,3.9847424909280638,0.6027499453548174
test,horizon,6,3.0,ValidationSelectedBaseline,8784,23.52037795992714,31.86143189564464,0.026753187613843352,0.41652734317634965
test,horizon,7,3.5,Persistence,8784,26.48212659380692,35.366882399696365,0.030851548269581055,0.34305676757236103
test,horizon,7,3.5,DailySeasonal,8784,40.31113387978142,52.59653822575525,0.16495901639344263,0.0
test,horizon,7,3.5,WeeklySeasonal,8784,53.52903005464481,68.8960313626465,-0.6057604735883424,-0.3278969084393082
test,horizon,7,3.5,Climatology,8784,60.245725069091606,70.08105289838173,42.168600912068825,-0.494518245226256
test,horizon,7,3.5,HistGradientBoosting,8784,16.760954552413732,21.503772472197006,4.830111724642435,0.584210292808945
test,horizon,7,3.5,RandomForest,8784,18.12053942406185,23.412224040492635,5.044163753126667,0.5504830134993934
test,horizon,7,3.5,ValidationSelectedBaseline,8784,26.48212659380692,35.366882399696365,0.030851548269581055,0.34305676757236103
test,horizon,8,4.0,Persistence,8784,29.195127504553735,38.47391956038269,0.03574681238615665,0.2757347853469384
test,horizon,8,4.0,DailySeasonal,8784,40.30999544626594,52.59640835771153,0.16609744990892533,0.0
test,horizon,8,4.0,WeeklySeasonal,8784,53.52903005464481,68.8960313626465,-0.6057604735883424,-0.32793441085847097
test,horizon,8,4.0,Climatology,8784,60.25181299755659,70.08816701762446,42.17468884053381,-0.49471148112317476
test,horizon,8,4.0,HistGradientBoosting,8784,18.748606113231816,23.893698229202602,5.741543152519145,0.5348894013589236
test,horizon,8,4.0,RandomForest,8784,19.975451387585572,25.661041090776322,5.840294881295197,0.5044541393160595
test,horizon,8,4.0,ValidationSelectedBaseline,8784,29.195127504553735,38.47391956038269,0.03574681238615665,0.2757347853469384
test,horizon,9,4.5,Persistence,8784,31.63422131147541,41.1931357240893,0.04109744990892532,0.21519091019496306
test,horizon,9,4.5,DailySeasonal,8784,40.30817395264116,52.5961313048132,0.16791894353369763,0.0
test,horizon,9,4.5,WeeklySeasonal,8784,53.52823315118397,68.89585207772295,-0.6065573770491803,-0.32797464886589256
test,horizon,9,4.5,Climatology,8784,60.25840691947155,70.09608254197089,42.181282762448774,-0.4949426136314261
test,horizon,9,4.5,HistGradientBoosting,8784,20.104281032934153,25.55975897740441,6.202796300733593,0.501235628868848
test,horizon,9,4.5,RandomForest,8784,21.667161820473986,27.597473841632446,6.3483062362994875,0.4624623321827691
test,horizon,9,4.5,ValidationSelectedBaseline,8784,31.63422131147541,41.1931357240893,0.04109744990892532,0.21519091019496306
test,horizon,10,5.0,Persistence,8784,33.79371584699454,43.54966492544342,0.046903460837887066,0.16158315280480595
test,horizon,10,5.0,DailySeasonal,8784,40.30658014571949,52.59582827653461,0.170195810564663,0.0
test,horizon,10,5.0,WeeklySeasonal,8784,53.52663934426229,68.89527373608003,-0.6081511839708561,-0.3279876176730603
test,horizon,10,5.0,Climatology,8784,60.265514838369086,70.10504371838206,42.188390681346306,-0.49517807317049733
test,horizon,10,5.0,HistGradientBoosting,8784,21.51588722521032,27.282073953589663,6.886359620277251,0.46619417605203894
test,horizon,10,5.0,RandomForest,8784,23.127711286572943,29.33857167643455,6.62172839086382,0.4262050711581127
test,horizon,10,5.0,ValidationSelectedBaseline,8784,33.79371584699454,43.54966492544342,0.046903460837887066,0.16158315280480595
test,horizon,11,5.5,Persistence,8784,35.622723132969035,45.54444225589692,0.052823315118397086,0.11616332802313889
test,horizon,11,5.5,DailySeasonal,8784,40.30464480874317,52.595368319561274,0.17304189435336975,0.0
test,horizon,11,5.5,WeeklySeasonal,8784,53.52436247723133,68.8944144766743,-0.6104280510018215,-0.3279948931747054
test,horizon,11,5.5,Climatology,8784,60.27295150006804,70.11477066606048,42.195827343045266,-0.49543437948851987
test,horizon,11,5.5,HistGradientBoosting,8784,22.575994005372213,28.629586634301656,6.996994650803983,0.43986619625351797
test,horizon,11,5.5,RandomForest,8784,24.369771752893133,30.682925228167083,7.154666338487087,0.3953607116863447
test,horizon,11,5.5,ValidationSelectedBaseline,8784,35.622723132969035,45.54444225589692,0.052823315118397086,0.11616332802313889
test,horizon,12,6.0,Persistence,8784,37.10724043715847,47.200438294868476,0.058287795992714025,0.07929970849433954
test,horizon,12,6.0,DailySeasonal,8784,40.30327868852459,52.59510857737569,0.174408014571949,0.0
test,horizon,12,6.0,WeeklySeasonal,8784,53.5228825136612,68.89401706557467,-0.611908014571949,-0.3280031862246626
test,horizon,12,6.0,Climatology,8784,60.27983626299789,70.12354245035311,42.2027121059751,-0.4956558926348875
test,horizon,12,6.0,HistGradientBoosting,8784,24.517653130418278,30.84881224747174,8.49098076159011,0.3916710022552309
test,horizon,12,6.0,RandomForest,8784,25.962490067359965,32.49681636716044,8.127385925616958,0.3558218856583454
test,horizon,12,6.0,ValidationSelectedBaseline,8784,37.10724043715847,47.200438294868476,0.058287795992714025,0.07929970849433954
test,horizon,13,6.5,Persistence,8784,38.23907103825137,48.49745312825345,0.06329690346083788,0.05117130452222696
test,horizon,13,6.5,DailySeasonal,8784,40.30134335154827,52.59464861410836,0.17634335154826958,0.0
test,horizon,13,6.5,WeeklySeasonal,8784,53.52117486338798,68.89345936421977,-0.613615664845173,-0.32802458708443627
test,horizon,13,6.5,Climatology,8784,60.286104799915336,70.1318332650292,42.20898064289255,-0.49588325813460266
test,horizon,13,6.5,HistGradientBoosting,8784,25.721466276533203,32.33145324953241,9.051375384429354,0.3617714910352968
test,horizon,13,6.5,RandomForest,8784,27.620737673706596,34.44938043795435,8.943819418004923,0.31464473943781124
test,horizon,13,6.5,ValidationSelectedBaseline,8784,38.23907103825137,48.49745312825345,0.06329690346083788,0.05117130452222696
test,horizon,14,7.0,Persistence,8784,39.05066029143898,49.46092480815497,0.06819216757741348,0.03100043785929185
test,horizon,14,7.0,DailySeasonal,8784,40.29997723132969,52.59431094439633,0.17930327868852458,0.0
test,horizon,14,7.0,WeeklySeasonal,8784,53.520833333333336,68.89331807915978,-0.6139571948998178,-0.32806113080693233
test,horizon,14,7.0,Climatology,8784,60.292117545770964,70.14042234570937,42.2149933887482,-0.4960831664911993
test,horizon,14,7.0,HistGradientBoosting,8784,26.33379269967817,32.996660910947014,9.01469877059465,0.34655564323232524
test,horizon,14,7.0,RandomForest,8784,28.723690508632924,35.66048759685664,9.379284037177712,0.28725293456734813
test,horizon,14,7.0,ValidationSelectedBaseline,8784,39.05066029143898,49.46092480815497,0.06819216757741348,0.03100043785929185
test,horizon,15,7.5,Persistence,8784,39.52390710382514,50.10012743167735,0.072632058287796,0.01924625202335639
test,horizon,15,7.5,DailySeasonal,8784,40.299521857923494,52.5941810708529,0.18271857923497267,0.0
test,horizon,15,7.5,WeeklySeasonal,8784,53.520833333333336,68.89331807915978,-0.6139571948998178,-0.3280761375289203
test,horizon,15,7.5,Climatology,8784,60.29765021766293,70.14835717841575,42.22052606064015,-0.4962373605881256
test,horizon,15,7.5,HistGradientBoosting,8784,27.119864914576272,34.0845876749634,9.17654692456729,0.3270425140479899
test,horizon,15,7.5,RandomForest,8784,29.990414194434177,37.167169401141166,10.36148984025112,0.25581215826416537
test,horizon,15,7.5,ValidationSelectedBaseline,8784,39.52390710382514,50.10012743167735,0.072632058287796,0.01924625202335639
test,horizon,16,8.0,Persistence,8784,39.76309198542805,50.46564030653202,0.07684426229508197,0.013299923443516382
test,horizon,16,8.0,DailySeasonal,8784,40.299066484517304,52.594042538719755,0.1863615664845173,0.0
test,horizon,16,8.0,WeeklySeasonal,8784,53.51889799635701,68.89279837898995,-0.6158925318761385,-0.32804312022757887
test,horizon,16,8.0,Climatology,8784,60.30295946910265,70.1559502141793,42.225835312079866,-0.4963860141095513
test,horizon,16,8.0,HistGradientBoosting,8784,28.263872759113784,35.490680562015754,10.177747991423164,0.29864696071873975
test,horizon,16,8.0,RandomForest,8784,31.056919256266962,38.49932648128432,11.456255791626592,0.2293389905644868
test,horizon,16,8.0,ValidationSelectedBaseline,8784,39.76309198542805,50.46564030653202,0.07684426229508197,0.013299923443516382
test,horizon,17,8.5,Persistence,8784,39.798838797814206,50.63303838900775,0.08003187613843352,0.012393355556811203
test,horizon,17,8.5,DailySeasonal,8784,40.298269581056466,52.593898594788605,0.1885245901639344,0.0
test,horizon,17,8.5,WeeklySeasonal,8784,53.51707650273224,68.89229602597389,-0.6177140255009107,-0.3280241821571839
test,horizon,17,8.5,Climatology,8784,60.3071011822266,70.16166998419011,42.22997702520382,-0.4965183817861982
test,horizon,17,8.5,HistGradientBoosting,8784,28.943993759761607,36.4962201135068,10.324096492572227,0.28175591506371556
test,horizon,17,8.5,RandomForest,8784,31.847647021331703,39.607281084452225,11.637162904515932,0.20970187175722443
test,horizon,17,8.5,ValidationSelectedBaseline,8784,39.798838797814206,50.63303838900775,0.08003187613843352,0.012393355556811203
test,horizon,18,9.0,Persistence,8784,39.724726775956285,50.67420448314902,0.08333333333333333,0.014199023640555142
test,horizon,18,9.0,DailySeasonal,8784,40.29690346083789,52.59361287032959,0.19102914389799636,0.0
test,horizon,18,9.0,WeeklySeasonal,8784,53.51502732240437,68.89184985410526,-0.6197632058287796,-0.3280183519414184
test,horizon,18,9.0,Climatology,8784,60.31137525262089,70.16749172846492,42.234251095598104,-0.49667518029602076
test,horizon,18,9.0,HistGradientBoosting,8784,30.197643397553467,37.721743210087716,11.571561636528196,0.2506212437166364
test,horizon,18,9.0,RandomForest,8784,32.77402921518859,40.63962291338939,12.742471874245787,0.18668616195188104
test,horizon,18,9.0,ValidationSelectedBaseline,8784,39.724726775956285,50.67420448314902,0.08333333333333333,0.014199023640555142
test,horizon,19,9.5,Persistence,8784,39.568078324225866,50.6585052385625,0.08629326047358835,0.018055865542989658
test,horizon,19,9.5,DailySeasonal,8784,40.295651183970854,52.59338667069867,0.19228142076502733,0.0
test,horizon,19,9.5,WeeklySeasonal,8784,53.513433515482696,68.89141028936452,-0.6213570127504554,-0.3280200702345202
test,horizon,19,9.5,Climatology,8784,60.31533391943474,70.17284589930941,42.23820976241197,-0.4968199333487253
test,horizon,19,9.5,HistGradientBoosting,8784,30.904607821271178,38.459294424204714,11.608409284897379,0.23305352033708604
test,horizon,19,9.5,RandomForest,8784,33.493249917991555,41.40925129808791,12.899951267189639,0.1688122927936505
test,horizon,19,9.5,ValidationSelectedBaseline,8784,39.568078324225866,50.6585052385625,0.08629326047358835,0.018055865542989658
test,horizon,20,10.0,Persistence,8784,39.46470856102004,50.65680177907521,0.09016393442622951,0.020574108605978414
test,horizon,20,10.0,DailySeasonal,8784,40.29371584699454,52.59307388587424,0.19421675774134792,0.0
test,horizon,20,10.0,WeeklySeasonal,8784,53.513319672131146,68.89136980299733,-0.6214708561020036,-0.3280810306831665
test,horizon,20,10.0,Climatology,8784,60.32008624689883,70.17938577143643,42.24296208987605,-0.4970097688669246
test,horizon,20,10.0,HistGradientBoosting,8784,31.911770255692804,39.70426460894942,12.043607545677919,0.20802116198789178
test,horizon,20,10.0,RandomForest,8784,34.12281323727743,42.12275461916179,13.42260395217984,0.1531480152674326
test,horizon,20,10.0,ValidationSelectedBaseline,8784,39.46470856102004,50.65680177907521,0.09016393442622951,0.020574108605978414
test,horizon,21,10.5,Persistence,8784,39.42087887067395,50.72497745575711,0.09346539162112932,0.021636985740158377
test,horizon,21,10.5,DailySeasonal,8784,40.2926912568306,52.59288881162464,0.19524134790528233,0.0
test,horizon,21,10.5,WeeklySeasonal,8784,53.51263661202186,68.89113184182771,-0.6221539162112932,-0.3280978495808504
test,horizon,21,10.5,Climatology,8784,60.324314446471966,70.18507782985562,42.247190289449186,-0.4971527729919385
test,horizon,21,10.5,HistGradientBoosting,8784,32.04164365678192,40.16117242749598,11.342553050285206,0.20477777340449865
test,horizon,21,10.5,RandomForest,8784,34.82308101448212,43.17274726903563,14.146391306843828,0.13574695736962583
test,horizon,21,10.5,ValidationSelectedBaseline,8784,39.42087887067395,50.72497745575711,0.09346539162112932,0.021636985740158377
test,horizon,22,11.0,Persistence,8784,39.54007285974499,50.91835137133986,0.09631147540983606,0.018645509283197637
test,horizon,22,11.0,DailySeasonal,8784,40.29132513661202,52.59257710615317,0.19660746812386157,0.0
test,horizon,22,11.0,WeeklySeasonal,8784,53.51218123861567,68.89094015028775,-0.6226092896174863,-0.3281315781294589
test,horizon,22,11.0,Climatology,8784,60.32806441197398,70.19028702120707,42.2509402549512,-0.49729660683596943
test,horizon,22,11.0,HistGradientBoosting,8784,32.37737252842679,40.312118040648976,11.556982585045992,0.19641827567974335
test,horizon,22,11.0,RandomForest,8784,35.5072726404187,44.09232867321442,14.376390121024874,0.11873653894411484
test,horizon,22,11.0,ValidationSelectedBaseline,8784,39.54007285974499,50.91835137133986,0.09631147540983606,0.018645509283197637
test,horizon,23,11.5,Persistence,8784,39.79872495446266,51.2542947687356,0.09949908925318761,0.012186886311298384
test,horizon,23,11.5,DailySeasonal,8784,40.28973132969035,52.59224375242408,0.19820127504553733,0.0
test,horizon,23,11.5,WeeklySeasonal,8784,53.51218123861567,68.89094015028775,-0.6226092896174863,-0.3281841172065949
test,horizon,23,11.5,Climatology,8784,60.3319820606833,70.1957597900086,42.254857903660515,-0.4974530747546435
test,horizon,23,11.5,HistGradientBoosting,8784,34.21312457501636,42.75497252788058,13.418978186104686,0.1508227172067541
test,horizon,23,11.5,RandomForest,8784,35.976968927631056,44.49886616203258,14.40913561260761,0.10704371212525632
test,horizon,23,11.5,ValidationSelectedBaseline,8784,39.79872495446266,51.2542947687356,0.09949908925318761,0.012186886311298384
test,horizon,24,12.0,Persistence,8784,40.18385701275046,51.745846475872376,0.10280054644808743,0.0025940044024606035
test,horizon,24,12.0,DailySeasonal,8784,40.28836520947177,52.59206192222672,0.19979508196721313,0.0
test,horizon,24,12.0,WeeklySeasonal,8784,53.51309198542805,68.89145573321771,-0.6216985428051002,-0.3282517597126813
test,horizon,24,12.0,Climatology,8784,60.33605897509151,70.2018146240451,42.25893481806872,-0.4976050445677189
test,horizon,24,12.0,HistGradientBoosting,8784,34.24281634538583,42.945128354099374,12.682596319525846,0.15005694156745364
test,horizon,24,12.0,RandomForest,8784,36.25962104106342,45.01955342431521,14.789072920613158,0.09999770771193262
test,horizon,24,12.0,ValidationSelectedBaseline,8784,40.18385701275046,51.745846475872376,0.10280054644808743,0.0025940044024606035
test,horizon,25,12.5,Persistence,8784,40.72893897996357,52.3933744629399,0.10507741347905282,-0.010941222014688279
test,horizon,25,12.5,DailySeasonal,8784,40.28813752276867,52.59204893433142,0.20002276867030966,0.0
test,horizon,25,12.5,WeeklySeasonal,8784,53.5132058287796,68.89152100706346,-0.6215846994535519,-0.32826209200007894
test,horizon,25,12.5,Climatology,8784,60.33910533118431,70.20643767919965,42.26198117416153,-0.4976891224391775
test,horizon,25,12.5,HistGradientBoosting,8784,34.54609026605856,43.43976140500403,12.51837769737391,0.1425245149013159
test,horizon,25,12.5,RandomForest,8784,36.52460284127345,45.45180223462751,14.594204424926515,0.09341545459549416
test,horizon,25,12.5,ValidationSelectedBaseline,8784,40.72893897996357,52.3933744629399,0.10507741347905282,-0.010941222014688279
test,horizon,26,13.0,Persistence,8784,41.419398907103826,53.18223344748375,0.10655737704918032,-0.028067647183486644
test,horizon,26,13.0,DailySeasonal,8784,40.28859289617486,52.59209222730327,0.19956739526411657,0.0
test,horizon,26,13.0,WeeklySeasonal,8784,53.51172586520947,68.89077985609052,-0.6230646630236795,-0.3282103448763052
test,horizon,26,13.0,Climatology,8784,60.34143177182017,70.20989471671137,42.26430761479739,-0.49772993877751426
test,horizon,26,13.0,HistGradientBoosting,8784,34.371297588638456,43.141585011236224,11.743531180770933,0.146872722082538
test,horizon,26,13.0,RandomForest,8784,37.33824516149542,46.41078852188396,14.8129268614354,0.07323034940144446
test,horizon,26,13.0,ValidationSelectedBaseline,8784,41.419398907103826,53.18223344748375,0.10655737704918032,-0.028067647183486644
test,horizon,27,13.5,Persistence,8784,42.19512750455373,54.09382028885206,0.10792349726775956,-0.04731306760705056
test,horizon,27,13.5,DailySeasonal,8784,40.28893442622951,52.59211495609922,0.1987704918032787,0.0
test,horizon,27,13.5,WeeklySeasonal,8784,53.510245901639344,68.88997424816306,-0.6245446265938069,-0.32816235186409637
test,horizon,27,13.5,Climatology,8784,60.343772759106514,70.21349702323162,42.266648602083734,-0.4977753474616742
test,horizon,27,13.5,HistGradientBoosting,8784,36.00604539404819,45.14188832267564,13.546992444472526,0.10630435113699621
test,horizon,27,13.5,RandomForest,8784,37.57192788566601,46.65276378205538,14.901691716047663,0.06743803427063677
test,horizon,27,13.5,ValidationSelectedBaseline,8784,42.19512750455373,54.09382028885206,0.10792349726775956,-0.04731306760705056
test,horizon,28,14.0,Persistence,8784,43.05487249544627,55.0969938750013,0.10883424408014572,-0.06864651031364799
test,horizon,28,14.0,DailySeasonal,8784,40.2891621129326,52.59214526114521,0.19717668488160292,0.0
test,horizon,28,14.0,WeeklySeasonal,8784,53.5066029143898,68.88780608321116,-0.6281876138433515,-0.32806442497880783
test,horizon,28,14.0,Climatology,8784,60.345694584371905,70.21644458017387,42.26857042734914,-0.49781458386302035
test,horizon,28,14.0,HistGradientBoosting,8784,35.1884940601522,44.108065149237056,12.128352112380485,0.12660149244312813
test,horizon,28,14.0,RandomForest,8784,37.93040719083213,46.88227919130621,14.882003208660757,0.058545643503053246
test,horizon,28,14.0,ValidationSelectedBaseline,8784,43.05487249544627,55.0969938750013,0.10883424408014572,-0.06864651031364799
test,horizon,29,14.5,Persistence,8784,43.94444444444444,56.14490587197921,0.10906193078324226,-0.09075393270809373
test,horizon,29,14.5,DailySeasonal,8784,40.28813752276867,52.59197966550234,0.19524134790528233,0.0
test,horizon,29,14.5,WeeklySeasonal,8784,53.50273224043716,68.88522138277892,-0.6320582877959927,-0.32800212494807734
test,horizon,29,14.5,Climatology,8784,60.346941951025705,70.21840236100904,42.26981779400292,-0.4978836367633248
test,horizon,29,14.5,HistGradientBoosting,8784,35.69657940789826,44.606559399691015,11.397225172488689,0.11396799150309467
test,horizon,29,14.5,RandomForest,8784,38.359340731699504,47.43266482235591,14.835288762990954,0.04787505478452847
test,horizon,29,14.5,ValidationSelectedBaseline,8784,43.94444444444444,56.14490587197921,0.10906193078324226,-0.09075393270809373
test,horizon,30,15.0,Persistence,8784,44.821948998178506,57.188558235702395,0.11020036429872496,-0.11255351314692619
test,horizon,30,15.0,DailySeasonal,8784,40.28745446265938,52.59181082234924,0.1945582877959927,0.0
test,horizon,30,15.0,WeeklySeasonal,8784,53.50091074681239,68.88376703299362,-0.6338797814207651,-0.3279794283453663
test,horizon,30,15.0,Climatology,8784,60.34911647403355,70.22190306461543,42.27199231701078,-0.4979630080616886
test,horizon,30,15.0,HistGradientBoosting,8784,37.37293983341484,46.569243095608535,14.275781328730675,0.07234298289920194
test,horizon,30,15.0,RandomForest,8784,38.95329326813112,47.98567545169972,15.241553710779128,0.03311604598311957
test,horizon,30,15.0,ValidationSelectedBaseline,8784,40.28745446265938,52.59181082234924,0.1945582877959927,0.0
test,horizon,31,15.5,Persistence,8784,45.681466302367944,58.17257513010542,0.11156648451730419,-0.13389133162279165
test,horizon,31,15.5,DailySeasonal,8784,40.287340619307834,52.59176861147626,0.19444444444444445,0.0
test,horizon,31,15.5,WeeklySeasonal,8784,53.49908925318761,68.88220687817729,-0.6357012750455373,-0.3279379683738173
test,horizon,31,15.5,Climatology,8784,60.35162217770046,70.22601023390503,42.27449802067768,-0.49802943678979794
test,horizon,31,15.5,HistGradientBoosting,8784,37.70764851417446,46.90275339515146,14.733249894067065,0.0640323254272348
test,horizon,31,15.5,RandomForest,8784,39.703288253445024,48.919904720899886,16.264795126710094,0.01449716851210825
test,horizon,31,15.5,ValidationSelectedBaseline,8784,40.287340619307834,52.59176861147626,0.19444444444444445,0.0
test,horizon,32,16.0,Persistence,8784,46.4148451730419,59.03347781329032,0.11293260473588343,-0.15210480359216816
test,horizon,32,16.0,DailySeasonal,8784,40.286999089253186,52.59153807457223,0.19410291438979962,0.0
test,horizon,32,16.0,WeeklySeasonal,8784,53.49749544626594,68.88081857511142,-0.6372950819672131,-0.3279096645482522
test,horizon,32,16.0,Climatology,8784,60.35410258284482,70.23027975995626,42.27697842582202,-0.49810370460044173
test,horizon,32,16.0,HistGradientBoosting,8784,37.97654607223492,47.19426537272281,14.368937006904076,0.057349841617629904
test,horizon,32,16.0,RandomForest,8784,40.0478431691418,49.23617778672704,15.972523087513125,0.00593630514850596
test,horizon,32,16.0,ValidationSelectedBaseline,8784,40.286999089253186,52.59153807457223,0.19410291438979962,0.0
test,horizon,33,16.5,Persistence,8784,46.94933970856102,59.72231107292073,0.11509562841530055,-0.16537526845258288
test,horizon,33,16.5,DailySeasonal,8784,40.28688524590164,52.5914504053435,0.19398907103825136,0.0
test,horizon,33,16.5,WeeklySeasonal,8784,53.49601548269581,68.87943272325104,-0.6387750455373407,-0.3278766813609133
test,horizon,33,16.5,Climatology,8784,60.35735344299458,70.23594941498601,42.28022928597179,-0.4981886307315033
test,horizon,33,16.5,HistGradientBoosting,8784,37.856779698323095,46.86451145875899,14.282044146653039,0.06032001562656808
test,horizon,33,16.5,RandomForest,8784,40.50030076510362,49.67301948062145,16.810388612744006,-0.005297394372867137
test,horizon,33,16.5,ValidationSelectedBaseline,8784,40.28688524590164,52.5914504053435,0.19398907103825136,0.0
test,horizon,34,17.0,Persistence,8784,47.295651183970854,60.187566379030784,0.11760018214936248,-0.17396476791698934
test,horizon,34,17.0,DailySeasonal,8784,40.287112932604735,52.591619249653704,0.19421675774134792,0.0
test,horizon,34,17.0,WeeklySeasonal,8784,53.4936247723133,68.87743694841495,-0.6411657559198543,-0.3278098349167238
test,horizon,34,17.0,Climatology,8784,60.36087798716119,70.24201224240254,42.28375383013841,-0.4982676492142124
test,horizon,34,17.0,HistGradientBoosting,8784,38.92490061855906,48.33906143626251,15.270624827394629,0.03381260693275512
test,horizon,34,17.0,RandomForest,8784,40.83426658583999,50.009100537408344,16.554308857877277,-0.013581356751737772
test,horizon,34,17.0,ValidationSelectedBaseline,8784,40.287112932604735,52.591619249653704,0.19421675774134792,0.0
test,horizon,35,17.5,Persistence,8784,47.42896174863388,60.39808174676183,0.12021857923497267,-0.1772338609866233
test,horizon,35,17.5,DailySeasonal,8784,40.28847905282331,52.59252840200637,0.19558287795992715,0.0
test,horizon,35,17.5,WeeklySeasonal,8784,53.489981785063755,68.87421053005568,-0.644808743169399,-0.32767438837618057
test,horizon,35,17.5,Climatology,8784,60.36450257548523,70.2482609498364,42.28737841846246,-0.49830681114419106
test,horizon,35,17.5,HistGradientBoosting,8784,38.50490940746928,47.828202160876295,14.05922845010545,0.04426996717884413
test,horizon,35,17.5,RandomForest,8784,41.212918295098845,50.39951290996651,16.76058439505732,-0.022945498663860642
test,horizon,35,17.5,ValidationSelectedBaseline,8784,40.28847905282331,52.59252840200637,0.19558287795992715,0.0
test,horizon,36,18.0,Persistence,8784,47.33173952641166,60.361262517863686,0.12386156648451731,-0.17474436096598933
test,horizon,36,18.0,DailySeasonal,8784,40.291097449908925,52.59429579249945,0.19820127504553733,0.0
test,horizon,36,18.0,WeeklySeasonal,8784,53.485997267759565,68.8704789689036,-0.6487932604735883,-0.3274892135726739
test,horizon,36,18.0,Climatology,8784,60.36909425733102,70.2562292496264,42.291970100308234,-0.4983234033866575
test,horizon,36,18.0,HistGradientBoosting,8784,39.28960528257315,48.349226381512665,14.929193433920636,0.024856413220832763
test,horizon,36,18.0,RandomForest,8784,41.67386819162329,50.899848213910175,17.089819880033275,-0.03431951049319193
test,horizon,36,18.0,ValidationSelectedBaseline,8784,40.291097449908925,52.59429579249945,0.19820127504553733,0.0
test,horizon,37,18.5,Persistence,8784,47.01445810564663,60.08148402147056,0.12784608378870674,-0.1668135867139071
test,horizon,37,18.5,DailySeasonal,8784,40.29303278688525,52.59567567949051,0.20013661202185792,0.0
test,horizon,37,18.5,WeeklySeasonal,8784,53.48110200364299,68.8658942026832,-0.6536885245901639,-0.3273039606254273
test,horizon,37,18.5,Climatology,8784,60.373942374201,70.26482452904932,42.29681821717821,-0.49837175805370926
test,horizon,37,18.5,HistGradientBoosting,8784,39.84957568861032,48.76612602345401,15.887681062370232,0.011005800943811428
test,horizon,37,18.5,RandomForest,8784,42.531599733529575,51.853663890135444,17.150959614262742,-0.05555717184368758
test,horizon,37,18.5,ValidationSelectedBaseline,8784,40.29303278688525,52.59567567949051,0.20013661202185792,0.0
test,horizon,38,19.0,Persistence,8784,46.529143897996356,59.60121918106082,0.13091985428051,-0.15479833298015122
test,horizon,38,19.0,DailySeasonal,8784,40.29200819672131,52.59492567481702,0.1991120218579235,0.0
test,horizon,38,19.0,WeeklySeasonal,8784,53.47438524590164,68.85979806547131,-0.6604052823315119,-0.32717101080737443
test,horizon,38,19.0,Climatology,8784,60.377945290430674,70.27192313987305,42.30082113340791,-0.4985092079710194
test,horizon,38,19.0,HistGradientBoosting,8784,40.21305532042326,49.30431100034478,15.576143884264004,0.001959517031580482
test,horizon,38,19.0,RandomForest,8784,41.84806995262414,51.043260605524864,16.979597177114375,-0.03861961281020099
test,horizon,38,19.0,ValidationSelectedBaseline,8784,40.29200819672131,52.59492567481702,0.1991120218579235,0.0
test,horizon,39,19.5,Persistence,8784,45.8915072859745,58.93633783263124,0.13490437158469945,-0.1389954735277663
test,horizon,39,19.5,DailySeasonal,8784,40.291211293260474,52.594190811379775,0.1983151183970856,0.0
test,horizon,39,19.5,WeeklySeasonal,8784,53.46755464480874,68.85325083300879,-0.667235883424408,-0.3270277295870794
test,horizon,39,19.5,Climatology,8784,60.38290610071935,70.28108841613829,42.30578194369658,-0.49866197025502745
test,horizon,39,19.5,HistGradientBoosting,8784,39.980812699320474,48.87394804941405,15.596669280504452,0.007703878438420686
test,horizon,39,19.5,RandomForest,8784,41.62111043714943,50.91506528039125,16.3184416958462,-0.03300717702948308
test,horizon,39,19.5,ValidationSelectedBaseline,8784,40.291211293260474,52.594190811379775,0.1983151183970856,0.0
test,horizon,40,20.0,Persistence,8784,45.12090163934426,58.12126753200081,0.1384335154826958,-0.11994552041006634
test,horizon,40,20.0,DailySeasonal,8784,40.28847905282331,52.591749129523464,0.19558287795992715,0.0
test,horizon,40,20.0,WeeklySeasonal,8784,53.459130236794174,68.84590925618947,-0.67566029143898,-0.32690862235584683
test,horizon,40,20.0,Climatology,8784,60.38738163934791,70.2892924369314,42.31025748232513,-0.49887469219605896
test,horizon,40,20.0,HistGradientBoosting,8784,39.948742557367794,48.78490337074017,15.046598874558361,0.008432596698676131
test,horizon,40,20.0,RandomForest,8784,41.418017176666254,50.75772718071078,16.060627506096445,-0.02803625627966677
test,horizon,40,20.0,ValidationSelectedBaseline,8784,40.28847905282331,52.591749129523464,0.19558287795992715,0.0
test,horizon,41,20.5,Persistence,8784,44.25375683060109,57.18297115703314,0.14196265938069216,-0.09852145751733721
test,horizon,41,20.5,DailySeasonal,8784,40.28483606557377,52.58890901652429,0.1919398907103825,0.0
test,horizon,41,20.5,WeeklySeasonal,8784,53.45059198542805,68.8393979122278,-0.6841985428051002,-0.3268166686448388
test,horizon,41,20.5,Climatology,8784,60.391835329252416,70.29723819389133,42.314711172229636,-0.4991207915293341
test,horizon,41,20.5,HistGradientBoosting,8784,40.24538449424254,49.15645550721977,15.621559613425994,0.0009793156727014862
test,horizon,41,20.5,RandomForest,8784,41.15663836431321,50.30390850895211,15.284411095357212,-0.02164095436109914
test,horizon,41,20.5,ValidationSelectedBaseline,8784,40.28483606557377,52.58890901652429,0.1919398907103825,0.0
test,horizon,42,21.0,Persistence,8784,43.34039162112933,56.16892457072411,0.145264116575592,-0.07598864946751971
test,horizon,42,21.0,DailySeasonal,8784,40.27959927140255,52.58482608534737,0.18670309653916212,0.0
test,horizon,42,21.0,WeeklySeasonal,8784,53.442964480874316,68.83413464252622,-0.6918260473588342,-0.32679980554864674
test,horizon,42,21.0,Climatology,8784,60.396123428827394,70.30498624956431,42.318999271804614,-0.4994221521887643
test,horizon,42,21.0,HistGradientBoosting,8784,40.09467344241633,48.84129321469983,14.032417605851668,0.004591054338455525
test,horizon,42,21.0,RandomForest,8784,41.418452870700165,50.37695841449009,15.952026509689254,-0.02827370728353218
test,horizon,42,21.0,ValidationSelectedBaseline,8784,40.27959927140255,52.58482608534737,0.18670309653916212,0.0
test,horizon,43,21.5,Persistence,8784,42.392987249544625,55.12701635863069,0.1477686703096539,-0.05263157894736836
test,horizon,43,21.5,DailySeasonal,8784,40.2733378870674,52.57988436204868,0.1804417122040073,0.0
test,horizon,43,21.5,WeeklySeasonal,8784,53.43488160291439,68.8284392734814,-0.6999089253187614,-0.3268053855569153
test,horizon,43,21.5,Climatology,8784,60.39967327151659,70.31142420084493,42.32254911449381,-0.49974341438711933
test,horizon,43,21.5,HistGradientBoosting,8784,41.817341889555884,50.942409549446744,17.00539006564772,-0.038338118554218426
test,horizon,43,21.5,RandomForest,8784,41.01105515130765,50.14528736101005,15.748180103728638,-0.018317758173134857
test,horizon,43,21.5,ValidationSelectedBaseline,8784,40.2733378870674,52.57988436204868,0.1804417122040073,0.0
test,horizon,44,22.0,Persistence,8784,41.49464936247723,54.12908847828478,0.14924863387978143,-0.030479943908534812
test,horizon,44,22.0,DailySeasonal,8784,40.267304189435336,52.57535142453619,0.174408014571949,0.0
test,horizon,44,22.0,WeeklySeasonal,8784,53.42702641165756,68.82290388578066,-0.707764116575592,-0.3268091193866127
test,horizon,44,22.0,Climatology,8784,60.40214677706387,70.31570297313871,42.32502262004108,-0.5000295647532118
test,horizon,44,22.0,HistGradientBoosting,8784,40.945824419524676,49.57229742964408,15.550215993494792,-0.0168504011814965
test,horizon,44,22.0,RandomForest,8784,40.79922150554685,49.87483437551592,15.298316099233206,-0.013209657979812661
test,horizon,44,22.0,ValidationSelectedBaseline,8784,40.267304189435336,52.57535142453619,0.174408014571949,0.0
test,horizon,45,22.5,Persistence,8784,40.78028233151184,53.2655969273709,0.15004553734061932,-0.012879638295646423
test,horizon,45,22.5,DailySeasonal,8784,40.26172586520947,52.571903012339185,0.16882969034608378,0.0
test,horizon,45,22.5,WeeklySeasonal,8784,53.419512750455375,68.8176633415869,-0.7152777777777778,-0.32680633039170504
test,horizon,45,22.5,Climatology,8784,60.40386707659838,70.3186100906861,42.32674291957559,-0.5002801240766959
test,horizon,45,22.5,HistGradientBoosting,8784,40.30402094868712,48.99353133910298,14.940946165412978,-0.0010505034885799347
test,horizon,45,22.5,RandomForest,8784,40.648694466011875,49.75770702864039,15.265126313658904,-0.009611326700149858
test,horizon,45,22.5,ValidationSelectedBaseline,8784,40.26172586520947,52.571903012339185,0.16882969034608378,0.0
test,horizon,46,23.0,Persistence,8784,40.3127276867031,52.6387737838229,0.1503870673952641,-0.0014111671681635851
test,horizon,46,23.0,DailySeasonal,8784,40.25591985428051,52.568976286014575,0.1627959927140255,0.0
test,horizon,46,23.0,WeeklySeasonal,8784,53.412340619307834,68.81250429109804,-0.7224499089253188,-0.3268195289699327
test,horizon,46,23.0,Climatology,8784,60.405065306621744,70.32054832241134,42.327941149598956,-0.5005262710497651
test,horizon,46,23.0,HistGradientBoosting,8784,40.90874287965824,49.737172633124715,15.228766879802356,-0.016216820476114613
test,horizon,46,23.0,RandomForest,8784,40.953389051021794,49.97841789586758,15.494006094259786,-0.017325879007758394
test,horizon,46,23.0,ValidationSelectedBaseline,8784,40.3127276867031,52.6387737838229,0.1503870673952641,-0.0014111671681635851
test,horizon,47,23.5,Persistence,8784,40.10268670309654,52.37473780642189,0.151183970856102,0.0036712297771240854
test,horizon,47,23.5,DailySeasonal,8784,40.25045537340619,52.56637750231461,0.15733151183970856,0.0
test,horizon,47,23.5,WeeklySeasonal,8784,53.40596539162113,68.80759385909084,-0.7288251366120219,-0.3268412716370632
test,horizon,47,23.5,Climatology,8784,60.40669131166303,70.3231511027108,42.329567154640266,-0.5007703826271301
test,horizon,47,23.5,HistGradientBoosting,8784,40.55283969797482,49.40786220897431,15.600028127747327,-0.0075125690321609095
test,horizon,47,23.5,RandomForest,8784,40.83853066585348,49.8553414901864,15.13742363101091,-0.014610400975384685
test,horizon,47,23.5,ValidationSelectedBaseline,8784,40.10268670309654,52.37473780642189,0.151183970856102,0.0036712297771240854
test,horizon,48,24.0,Persistence,8784,40.24521857923497,52.56408613477429,0.15209471766848817,0.0
test,horizon,48,24.0,DailySeasonal,8784,40.24521857923497,52.56408613477429,0.15209471766848817,0.0
test,horizon,48,24.0,WeeklySeasonal,8784,53.400500910746814,68.80338463843853,-0.7342896174863388,-0.32687814343986377
test,horizon,48,24.0,Climatology,8784,60.40822302221115,70.32552211468548,42.331098865188366,-0.5010037255302555
test,horizon,48,24.0,HistGradientBoosting,8784,40.63575107736101,49.65784856472538,15.43660164809081,-0.009703823507807519
test,horizon,48,24.0,RandomForest,8784,40.75150150816933,49.811685476374876,15.795632796017422,-0.012579952272779638
test,horizon,48,24.0,ValidationSelectedBaseline,8784,40.24521857923497,52.56408613477429,0.15209471766848817,0.0
test,aggregate,0,0.0,Persistence,421632,37.72314719945355,50.20075972286862,0.0926352838494232,0.06374898304836318
test,aggregate,0,0.0,DailySeasonal,421632,40.291702242714024,52.590806162811695,0.18348939359441407,0.0
test,aggregate,0,0.0,WeeklySeasonal,421632,53.496240797662416,68.87580917491894,-0.638559217516697,-0.3277235217168364
test,aggregate,0,0.0,Climatology,421632,60.32601732931528,70.19480532488687,42.248893172292505,-0.49723178648338373
test,aggregate,0,0.0,HistGradientBoosting,421632,30.662012795275302,40.11070397391706,11.073779513773049,0.23899932024291837
test,aggregate,0,0.0,RandomForest,421632,32.3429804379613,41.95846652827612,12.044572497750657,0.19727937422127895
test,aggregate,0,0.0,ValidationSelectedBaseline,421632,36.094082043108685,48.16424812408925,0.11310811323618701,0.10418076094971629
